	City	Cloudiness	Country	Humidity	Max_Temp	Wind_speed	date	lat	lng
0	yanam	92	IN	95	75.8	14.03	1535238427	16.73	82.22
1	koubia	92	GN	98	67.07	2.51	1535238427	11.59	-11.89
2	alihe	92	CN	85	64.19	3.51	1535238404	50.57	123.73
3	east london	44	ZA	94	68.87	13.02	1535238161	-33.02	27.91
4	lagoa	0	PT	25	84.2	5.82	1535236200	37.14	-8.45
5	nabire	80	ID	93	71.21	1.16	1535238428	-3.36	135.5
6	tasiilaq	88	GL	100	41.87	0.04	1535238404	65.61	-37.64
7	stelle	40	US	67	88.16	9.17	1535236500	40.95	-88.15
8	bluff	44	AU	71	68.69	4.52	1535238344	-23.58	149.07
9	manisa	0	TR	88	73.4	2.24	1535235600	38.62	27.43
10	esperance	20	TT	74	84.2	12.75	1535234400	10.24	-61.45
11	lazaro cardenas	40	MX	35	86.0	4.7	1535233560	28.39	-105.62
12	kamenka	0	RU	81	52.13	3.4	1535238429	53.19	44.05
13	hobart	75	AU	61	48.2	13.87	1535236200	-42.88	147.33
14	vikulovo	0	RU	84	52.4	3.4	1535238430	55.07	40.96
15	atuona	100	PF	100	78.86	19.62	1535238075	-9.8	-139.03
16	albany	75	US	50	77.0	10.29	1535237460	42.65	-73.75
17	lusambo	44	CD	95	71.21	2.06	1535238430	-4.97	23.44
18	klaksvik	92	FO	87	46.4	4.7	1535235600	62.23	-6.59
19	jamestown	8	AU	64	52.85	3.96	1535238431	-33.21	138.6
20	turmalina	88	BR	46	76.34	9.1	1535238266	-17.29	-42.73
21	saint-augustin	90	FR	82	62.6	4.7	1535236200	44.83	-0.61
22	ushuaia	75	AR	80	39.2	4.7	1535238000	-54.81	-68.31
23	busselton	88	AU	100	53.39	8.21	1535238288	-33.64	115.35
24	kalmunai	80	LK	99	73.28	2.95	1535238432	7.42	81.82
25	gazojak	0	TM	74	55.91	3.06	1535238432	41.19	61.4
26	hermanus	92	ZA	99	45.29	11.79	1535238305	-34.42	19.24
27	rikitea	0	PF	100	72.83	13.8	1535238293	-23.12	-134.97
28	yozgat	0	TR	65	60.32	5.97	1535238432	39.82	34.81
29	verkhniy lomov	0	RU	81	52.13	3.4	1535238433	53.47	43.56
30	norman wells	90	CA	93	51.8	2.24	1535234400	65.28	-126.83
31	vila franca do campo	40	PT	78	71.6	10.29	1535236200	37.72	-25.43
32	carnarvon	0	ZA	79	36.92	13.69	1535238366	-30.97	22.13
33	whitehorse	75	CA	62	57.2	4.7	1535236740	60.72	-135.06
34	puerto ayora	75	EC	61	78.8	14.99	1535234400	-0.74	-90.35
35	namibe	0	AO	100	64.19	10.45	1535238373	-15.19	12.15
36	barrow	0	AR	47	37.46	3.06	1535238391	-38.31	-60.23
37	avarua	20	CK	74	80.6	8.05	1535234400	-21.21	-159.78
38	mataura	0	NZ	76	55.73	17.72	1535238353	-46.19	168.86
39	chokurdakh	92	RU	94	44.03	8.43	1535238434	70.62	147.9
40	bilibino	80	RU	80	36.92	3.4	1535238434	68.06	166.44
41	castro	92	CL	97	49.88	8.66	1535238359	-42.48	-73.76
42	luderitz	0	NA	89	50.15	4.41	1535238352	-26.65	15.16
43	port alfred	0	ZA	95	59.96	7.54	1535238349	-33.59	26.89
44	mount isa	0	AU	36	60.8	6.93	1535236200	-20.73	139.49
45	saint-philippe	1	CA	44	82.4	5.82	1535236500	45.36	-73.48
46	magistralnyy	0	RU	93	54.65	3.06	1535238435	56.17	107.45
47	leisure city	1	US	65	89.06	11.41	1535237100	37.49	-88.44
48	nurobod	0	UZ	29	66.2	4.7	1535236200	40.91	69.8
49	punta arenas	75	CL	75	42.8	10.29	1535234400	-53.16	-70.91
50	new norfolk	75	AU	61	48.2	13.87	1535236200	-42.78	147.06
51	sao filipe	8	CV	98	79.04	7.09	1535238342	14.9	-24.5
52	sao jose da coroa grande	92	BR	92	74.09	10.56	1535238436	-8.9	-35.15
53	kirensk	0	RU	96	53.93	3.4	1535238437	57.78	108.12
54	lebu	20	ET	90	43.49	2.62	1535238355	8.96	38.73
55	bambous virieux	75	MU	69	73.4	14.99	1535234400	-20.34	57.76
56	riviere-au-renard	40	CA	54	78.8	3.36	1535234400	49.0	-64.4
57	tiarei	75	PF	65	82.4	9.17	1535236200	-17.53	-149.33
58	lasa	40	CY	74	78.8	4.7	1535236200	34.92	32.53
59	vostok	88	RU	98	54.47	2.73	1535238438	46.45	135.83
60	victoria	75	BN	88	80.6	5.19	1535236200	5.28	115.24
61	vardo	5	US	51	82.4	3.51	1535237220	39.62	-77.74
62	tuatapere	0	NZ	84	53.3	19.73	1535238352	-46.13	167.69
63	flinders	90	AU	87	51.8	10.29	1535234400	-34.58	150.85
64	ler	75	NO	81	50.0	13.87	1535235600	63.2	10.3
65	antigua ocotepeque	40	HN	55	86.0	9.17	1535234400	14.4	-89.2
66	dingle	76	PH	79	81.2	5.53	1535238371	11.0	122.67
67	alice springs	0	AU	45	46.4	5.82	1535236200	-23.7	133.88
68	clyde river	75	CA	80	41.0	19.46	1535234400	70.47	-68.59
69	baracoa	56	CU	97	81.47	11.12	1535238439	20.35	-74.5
70	aswan	0	EG	17	91.4	11.41	1535234400	24.09	32.9
71	port hardy	75	CA	77	62.6	11.41	1535234400	50.7	-127.42
72	la ronge	90	CA	76	50.0	9.17	1535234400	55.1	-105.3
73	fortuna	0	ES	69	80.6	9.17	1535236200	38.18	-1.13
74	pisco	0	PE	30	71.6	8.05	1535234400	-13.71	-76.2
75	arraial do cabo	75	BR	88	71.6	3.36	1535234400	-22.97	-42.02
76	khatanga	20	RU	76	52.4	13.47	1535238441	71.98	102.47
77	cape town	75	ZA	71	50.0	19.46	1535234400	-33.93	18.42
78	yellowknife	75	CA	71	51.8	11.41	1535234400	62.45	-114.38
79	lianzhou	56	CN	78	74.9	3.62	1535238442	24.79	112.38
80	hilo	90	US	96	75.02	4.7	1535234760	19.71	-155.08
81	nikolskoye	90	RU	93	59.0	13.42	1535236200	59.7	30.79
82	berlevag	12	NO	92	51.95	17.49	1535238442	70.86	29.09
83	hasaki	75	JP	79	84.2	2.24	1535236200	35.73	140.83
84	dunkwa	88	GH	92	72.11	5.19	1535238442	5.97	-1.78
85	killybegs	92	IE	100	53.48	8.99	1535238443	54.63	-8.45
86	hithadhoo	36	MV	100	80.3	7.43	1535238339	-0.6	73.08
87	lompoc	90	US	82	80.6	10.29	1535236500	34.64	-120.46
88	lady frere	8	ZA	22	54.92	11.56	1535238443	-31.7	27.23
89	namatanai	12	PG	98	83.45	2.51	1535238381	-3.66	152.44
90	kapaa	90	US	100	86.0	24.16	1535236920	22.08	-159.32
91	medicine hat	20	CA	32	69.8	7.2	1535234400	50.04	-110.68
92	geraldton	90	CA	82	66.2	5.82	1535234400	49.72	-86.95
93	constitucion	75	MX	28	80.6	8.05	1535233200	23.99	-104.67
94	arcelia	56	MX	76	75.62	2.62	1535238184	18.32	-100.28
95	port elizabeth	1	US	68	78.98	5.82	1535237700	39.31	-74.98
96	rognan	40	NO	93	48.2	6.93	1535233800	67.1	15.4
97	saskylakh	0	RU	90	47.99	5.97	1535238387	71.97	114.09
98	bethel	90	US	80	57.02	9.17	1535233980	60.79	-161.76
99	achit	0	RU	92	51.68	6.2	1535238445	56.8	57.9
100	kruisfontein	0	ZA	77	57.89	15.59	1535238334	-34.0	24.73
101	ribeira grande	0	PT	100	73.82	9.22	1535238337	38.52	-28.7
102	basco	1	US	49	93.2	9.17	1535236500	40.33	-91.2
103	araceli	8	PH	100	83.45	11.56	1535238385	10.55	119.99
104	scandiano	40	IT	100	66.2	3.36	1535235600	44.6	10.69
105	zhangjiakou	36	CN	95	62.39	3.62	1535238446	40.77	114.88
106	sorland	24	NO	100	52.49	19.06	1535238394	67.67	12.69
107	jutai	48	BR	89	75.53	4.18	1535238226	-1.71	-47.89
108	yar-sale	0	RU	100	48.17	19.62	1535238447	66.83	70.83
109	mehamn	88	NO	92	52.49	15.48	1535238380	71.03	27.85
110	ahipara	56	NZ	85	57.53	11.68	1535238270	-35.17	173.16
111	buala	92	SB	92	81.74	5.64	1535238369	-8.15	159.59
112	soledade	36	BR	74	71.84	12.12	1535238448	-7.06	-36.37
113	peniche	0	PT	77	64.4	9.17	1535236200	39.36	-9.38
114	satun	40	TH	100	78.8	3.06	1535236200	6.62	100.07
115	eyl	0	SO	69	77.24	24.65	1535238380	7.98	49.82
116	kilindoni	0	TZ	100	76.07	11.45	1535238448	-7.91	39.67
117	lorengau	12	PG	100	82.64	2.62	1535238449	-2.02	147.27
118	cayenne	0	GF	88	80.6	8.21	1535236200	4.94	-52.33
119	upernavik	92	GL	97	39.35	22.08	1535238449	72.79	-56.15
120	saldanha	0	PT	74	57.26	1.39	1535238343	41.42	-6.55
121	tabuk	92	PH	96	69.95	2.51	1535238373	17.41	121.44
122	vaini	92	IN	98	67.43	6.42	1535238289	15.34	74.49
123	kavieng	24	PG	100	83.0	1.16	1535238450	-2.57	150.8
124	te anau	32	NZ	83	46.91	13.02	1535238369	-45.41	167.72
125	sisimiut	64	GL	90	39.89	2.06	1535238450	66.94	-53.67
126	butaritari	68	KI	100	85.16	6.76	1535238338	3.07	172.79
127	chuy	0	UY	81	45.2	20.29	1535238403	-33.69	-53.46
128	souillac	0	FR	87	59.0	4.52	1535236200	45.6	-0.6
129	jiazi	20	CN	94	78.8	4.47	1535238000	19.61	110.49
130	nanortalik	24	GL	98	39.89	4.52	1535238306	60.14	-45.24
131	nha trang	56	VN	91	80.84	6.42	1535238451	12.24	109.19
132	georgetown	20	GY	78	82.4	11.41	1535234400	6.8	-58.16
133	ulladulla	90	AU	87	51.8	10.29	1535234400	-35.36	150.48
134	dikson	92	RU	100	45.83	14.03	1535238357	73.51	80.55
135	ponta do sol	36	BR	92	63.74	0.38	1535238381	-20.63	-46.0
136	praia	0	BR	56	73.4	5.82	1535234400	-20.25	-43.81
137	kodiak	1	US	52	91.94	6.93	1535237580	39.95	-94.76
138	labytnangi	0	RU	86	39.35	5.41	1535238453	66.66	66.39
139	prichard	1	US	63	89.96	8.05	1535237580	30.74	-88.08
140	mahebourg	75	MU	69	73.4	14.99	1535234400	-20.41	57.7
141	puerto asis	36	CO	92	75.53	1.72	1535238454	0.51	-76.5
142	hofn	48	IS	100	44.39	9.66	1535238376	64.25	-15.21
143	sept-iles	75	CA	64	69.8	9.17	1535234400	50.2	-66.38
144	thompson	90	CA	93	46.4	5.82	1535234400	55.74	-97.86
145	sur	20	OM	91	84.17	4.63	1535238455	22.57	59.53
146	crixas	0	BR	55	74.27	3.06	1535238455	-14.55	-49.97
147	guerrero negro	0	MX	59	78.95	13.13	1535238248	27.97	-114.04
148	yulara	0	AU	51	37.4	5.82	1535234400	-25.24	130.99
149	portland	90	US	48	71.06	4.7	1535237580	45.52	-122.67
150	dwarka	40	IN	88	80.6	3.36	1535236200	28.58	77.04
151	bredasdorp	76	ZA	81	50.0	14.99	1535234400	-34.53	20.04
152	launceston	56	AU	87	44.6	13.87	1535236200	-41.43	147.14
153	codrington	92	AU	100	55.46	3.18	1535238093	-28.95	153.24
154	santa fe	0	AR	55	45.02	3.62	1535238457	-31.62	-60.7
155	san quintin	90	PH	94	77.0	6.93	1535234400	17.54	120.52
156	petropavlovsk-kamchatskiy	64	RU	76	57.2	4.47	1535236200	53.05	158.65
157	palizada	75	MX	74	86.0	13.87	1535233320	18.25	-92.09
158	najran	40	SA	17	86.0	2.62	1535234400	17.54	44.22
159	cacapava do sul	0	BR	66	44.21	10.22	1535238458	-30.51	-53.49
160	port macquarie	90	AU	93	53.6	5.82	1535234400	-31.43	152.91
161	chara	0	GR	78	73.4	3.36	1535233800	39.42	22.43
162	aleksandrov gay	0	RU	84	54.02	3.74	1535238459	50.14	48.57
163	lima	68	PE	64	61.04	2.06	1535238459	-12.06	-77.04
164	jiuquan	92	CN	76	56.09	3.4	1535238277	39.73	98.49
165	huangmei	32	CN	85	80.39	13.58	1535238459	30.1	115.95
166	ixtapa	90	MX	79	86.0	4.7	1535233560	20.71	-105.21
167	ilulissat	75	GL	81	42.8	3.36	1535237400	69.22	-51.1
168	baie-comeau	75	CA	56	75.2	12.75	1535234400	49.22	-68.15
169	divnoye	12	RU	61	67.43	10.67	1535238460	45.91	43.34
170	baykit	36	RU	92	48.53	3.06	1535238461	61.68	96.39
171	faya	0	SA	47	75.2	5.19	1535234400	18.39	42.45
172	saint-joseph	75	FR	40	77.0	3.36	1535236200	43.56	6.97
173	qaanaaq	0	GL	92	37.19	7.76	1535238367	77.48	-69.36
174	longyearbyen	40	NO	69	37.4	14.99	1535233800	78.22	15.63
175	cabo san lucas	20	MX	58	89.6	10.29	1535233680	22.89	-109.91
176	tuktoyaktuk	40	CA	66	51.8	4.7	1535234400	69.44	-133.03
177	homer	90	US	89	53.96	9.55	1535236620	59.64	-151.54
178	dudinka	64	RU	98	54.83	4.07	1535238373	69.41	86.18
179	karlstad	88	SE	100	44.6	6.2	1535235600	59.38	13.5
180	mogadishu	80	SO	100	76.52	19.51	1535238463	2.04	45.34
181	nhulunbuy	40	AU	88	75.2	4.7	1535236200	-12.18	136.78
182	margate	75	AU	61	48.2	13.87	1535236200	-43.03	147.26
183	inhambane	0	MZ	100	68.42	9.22	1535238463	-23.87	35.38
184	hede	0	SE	100	46.4	2.24	1535235600	60.45	15.49
185	kropotkin	36	RU	47	76.34	11.45	1535238464	45.43	40.58
186	brindisi	0	IT	83	75.2	6.93	1535235600	40.63	17.94
187	darnah	0	LY	97	81.2	18.28	1535238464	32.77	22.64
188	yumen	92	CN	48	63.2	7.65	1535238464	40.29	97.04
189	ludvika	80	SE	100	46.4	2.24	1535235600	60.15	15.18
190	neepawa	40	CA	37	69.8	12.75	1535234400	50.23	-99.46
191	udachnyy	12	RU	86	49.25	3.18	1535238465	66.42	112.4
192	moron	75	VE	69	82.4	2.73	1535234400	10.49	-68.2
193	gloversville	1	US	53	77.0	6.93	1535237580	43.05	-74.34
194	honiara	75	SB	88	78.8	6.93	1535234400	-9.43	159.96
195	ottawa	90	CA	57	77.0	6.93	1535234400	45.42	-75.69
196	mwinilunga	0	ZM	72	57.53	2.39	1535238466	-11.73	24.43
197	wufeng	75	TW	88	84.2	1.72	1535238000	24.63	121.12
198	tual	48	ID	99	79.04	9.66	1535238467	-5.67	132.75
199	bandarbeyla	32	SO	87	77.24	30.58	1535238467	9.49	50.81
200	tumsar	100	IN	96	73.91	9.44	1535238467	21.38	79.75
201	meulaboh	48	ID	100	78.86	3.74	1535238387	4.14	96.13
202	cidreira	32	BR	75	50.33	15.82	1535238337	-30.17	-50.22
203	provideniya	56	RU	95	47.81	12.01	1535238468	64.42	-173.23
204	palu	36	ID	86	69.05	1.95	1535238468	-0.9	119.87
205	avera	1	US	41	89.06	5.82	1535236500	33.19	-82.53
206	port-gentil	40	GA	83	77.0	9.17	1535234400	-0.72	8.78
207	turtas	48	RU	73	60.41	7.43	1535238468	58.94	69.13
208	ostrovnoy	80	RU	70	62.39	17.6	1535238366	68.05	39.51
209	karatau	0	KZ	81	42.95	1.05	1535238469	43.18	70.46
210	wanning	75	AT	93	53.6	3.36	1535235600	48.64	13.53
211	ulundi	0	ZA	50	57.89	5.97	1535238469	-28.29	31.43
212	gravdal	80	NO	71	53.6	16.11	1535235600	59.79	5.78
213	verkhnevilyuysk	0	RU	76	55.1	3.4	1535238470	63.45	120.31
214	cherskiy	88	RU	85	37.91	7.43	1535238297	68.75	161.3
215	changqing	90	CN	94	75.2	8.95	1535238000	31.81	117.24
216	parrita	75	CR	73	69.8	2.24	1535234400	9.52	-84.33
217	harper	1	US	25	96.98	10.29	1535237700	30.3	-99.24
218	antofagasta	75	CL	76	55.4	4.7	1535238000	-23.65	-70.4
219	vanimo	80	PG	100	77.78	5.75	1535238376	-2.67	141.3
220	chicama	0	PE	82	64.4	9.17	1535234400	-7.84	-79.15
221	marzuq	20	YE	39	67.25	1.05	1535238290	14.4	46.47
222	chapais	90	CA	60	71.6	6.93	1535234400	49.78	-74.86
223	saint-pierre	0	FR	71	50.0	1.12	1535236200	48.95	4.24
224	fairbanks	90	US	82	59.0	5.82	1535235420	64.84	-147.72
225	carutapera	0	BR	81	79.13	7.65	1535238350	-1.2	-46.02
226	hualmay	20	PE	88	60.41	4.52	1535238473	-11.1	-77.61
227	lata	100	IN	100	56.63	1.95	1535238371	30.78	78.62
228	sale	68	GB	93	53.6	2.24	1535237400	53.42	-2.32
229	sawtell	75	AU	87	59.0	3.36	1535236200	-30.38	153.1
230	tiksi	0	RU	99	46.82	3.06	1535238364	71.64	128.87
231	rio gallegos	90	AR	86	41.0	2.24	1535238000	-51.62	-69.22
232	jati	88	PK	83	78.32	12.24	1535238474	24.35	68.27
233	scarborough	24	GB	93	51.8	2.24	1535237400	54.28	-0.41
234	deep river	90	CA	100	68.0	4.97	1535237100	46.1	-77.49
235	arlit	32	NE	64	80.93	9.44	1535238475	18.74	7.39
236	necochea	0	AR	76	37.55	2.95	1535238475	-38.55	-58.74
237	mkushi	20	ZM	72	54.2	7.2	1535238476	-13.61	29.4
238	luanda	75	AO	83	71.6	6.93	1535236200	-8.83	13.24
239	thai binh	56	VN	100	75.89	7.99	1535238476	20.45	106.33
240	ranau	24	MY	72	75.08	1.05	1535238476	5.95	116.67
241	verkhoyansk	0	RU	76	49.16	3.62	1535238342	67.55	133.39
242	mapiripan	32	CO	90	75.08	7.09	1535238477	2.89	-72.13
243	strezhevoy	0	RU	100	55.4	2.24	1535236200	60.73	77.6
244	caravelas	0	BR	100	75.89	15.03	1535238351	-17.73	-39.27
245	talara	0	PE	290	62.6	16.11	1535234400	-4.58	-81.27
246	ancud	92	CL	97	50.42	8.55	1535238478	-41.87	-73.83
247	melivoia	20	GR	73	71.6	3.36	1535233800	41.33	24.93
248	palana	92	RU	98	52.58	3.06	1535238478	59.08	159.95
249	seybaplaya	20	MX	55	89.6	9.66	1535233320	19.65	-90.67
250	waingapu	0	ID	82	72.83	4.41	1535238479	-9.65	120.26
251	gorontalo	12	ID	85	78.23	3.18	1535238335	0.54	123.06
252	erenhot	76	CN	98	61.76	5.53	1535238479	43.65	111.97
253	nakamura	20	JP	78	82.4	4.7	1535234400	35.17	136.87
254	nuevo progreso	40	US	36	100.94	13.87	1535237700	26.05	-97.95
255	opuwo	0	NA	54	54.2	4.18	1535238383	-18.06	13.84
256	rocha	24	UY	80	42.68	13.02	1535238480	-34.48	-54.34
257	shuyskoye	0	RU	75	56.81	10.22	1535238480	59.37	41.03
258	sao joao da barra	0	BR	73	75.2	11.41	1535234400	-21.64	-41.05
259	ileza	0	RU	91	56.99	9.66	1535238481	61.05	43.9
260	monrovia	75	LR	94	73.4	6.93	1535236200	6.33	-10.8
261	bud	92	NO	81	50.0	3.36	1535237400	62.91	6.91
262	hargeysa	48	SO	73	66.71	11.56	1535238482	9.56	44.06
263	hovd	75	NO	81	50.0	13.87	1535235600	63.83	10.7
264	mandera	64	ET	67	76.97	15.26	1535238482	3.94	41.86
265	half moon bay	20	US	60	84.02	17.22	1535234160	37.46	-122.43
266	atar	0	MR	20	84.44	6.53	1535238482	20.52	-13.05
267	leua	56	AO	46	72.65	3.18	1535238483	-11.65	20.45
268	lingao	92	CN	100	77.69	6.64	1535238483	19.91	109.69
269	nerekhta	0	RU	71	57.89	8.1	1535238483	57.46	40.57
270	waslala	92	NI	88	76.52	3.96	1535238483	13.33	-85.37
271	marawi	20	PH	87	75.17	2.62	1535238484	8.0	124.29
272	hajiganj	88	BD	92	80.21	7.2	1535238484	23.25	90.85
273	raudeberg	92	NO	93	48.2	4.7	1535237400	61.99	5.14
274	puerto cabezas	75	NI	100	77.0	4.7	1535234400	14.04	-83.39
275	caranavi	92	BO	98	61.67	2.06	1535238484	-15.83	-67.57
276	leningradskiy	76	RU	100	36.47	9.44	1535238361	69.38	178.42
277	ulaangom	12	MN	62	45.83	6.42	1535238485	49.98	92.07
278	ampanihy	0	MG	85	56.72	2.73	1535238368	-24.69	44.75
279	samsun	20	TR	94	68.0	2.24	1535233800	41.29	36.33
280	ayan	12	TR	61	63.83	1.39	1535238486	40.67	33.6
281	sokolskoye	0	RU	92	57.8	4.52	1535238486	57.14	43.16
282	mar del plata	32	AR	45	60.23	25.55	1535238342	-46.43	-67.52
283	niesky	64	DE	76	52.22	5.08	1535238486	51.29	14.82
284	macusani	92	PE	100	47.45	1.39	1535238487	-14.07	-70.43
285	qaqortoq	75	GL	81	44.6	4.7	1535237400	60.72	-46.03
286	tynda	12	RU	81	67.79	3.4	1535238487	55.15	124.74
287	le vauclin	40	MQ	69	82.4	10.29	1535236200	14.55	-60.84
288	tateyama	75	JP	88	78.8	3.36	1535234400	36.66	137.31
289	kotka	90	FI	100	55.4	3.36	1535237400	60.47	26.95
290	roswell	75	US	68	93.2	10.29	1535237700	33.39	-104.52
291	henties bay	0	NA	100	51.32	8.43	1535238363	-22.12	14.28
292	puerto del rosario	0	ES	50	78.8	10.29	1535236200	28.5	-13.86
293	rimouski	75	CA	50	75.2	16.11	1535234400	48.45	-68.52
294	mill valley	1	US	44	84.02	6.93	1535236500	37.91	-122.55
295	skogn	75	NO	81	50.0	13.87	1535235600	63.7	11.19
296	paredon	24	BO	96	43.31	3.18	1535238489	-18.93	-65.16
297	yangambi	20	CD	99	71.93	2.73	1535238489	0.77	24.47
298	stephenville	1	US	25	99.14	10.29	1535235300	32.22	-98.2
299	awbari	56	LY	30	83.9	7.65	1535238489	26.59	12.77
300	hami	24	CN	36	66.98	6.42	1535238308	42.84	93.51
301	sabang	20	PH	83	83.99	11.68	1535238381	13.72	123.58
302	marica	75	BR	83	75.2	3.36	1535238000	-22.92	-42.82
303	matagami	92	NG	98	67.97	2.51	1535238490	9.67	8.4
304	bani walid	0	LY	68	72.2	6.2	1535238490	31.76	14.0
305	deputatskiy	48	RU	74	43.49	3.96	1535238491	69.3	139.9
306	sistranda	75	NO	93	50.0	9.17	1535233800	63.73	8.83
307	mazatlan	40	MX	63	91.4	12.75	1535233440	23.22	-106.42
308	yen bai	48	VN	100	73.73	3.51	1535238491	21.7	104.87
309	sosnovo-ozerskoye	36	RU	84	55.73	5.08	1535238492	52.53	111.54
310	marsh harbour	56	BS	96	84.98	13.24	1535238389	26.54	-77.06
311	belaya gora	92	RU	77	46.73	4.41	1535238492	68.54	146.19
312	mahajanga	20	MG	78	71.6	14.58	1535234400	-15.72	46.32
313	kaitangata	0	NZ	72	55.01	21.63	1535238394	-46.28	169.85
314	arona	40	IT	88	66.2	2.24	1535235600	45.76	8.56
315	seddon	0	NZ	90	53.93	5.75	1535238493	-41.67	174.07
316	mugur-aksy	0	RU	76	35.66	3.06	1535238493	50.38	90.44
317	alenquer	0	BR	66	84.2	3.36	1535234400	-1.95	-54.74
318	grand-lahou	80	CI	93	73.82	7.99	1535238393	5.24	-5.0
319	komsomolskiy	0	RU	84	37.73	2.06	1535238379	67.55	63.78
320	katsuura	20	JP	78	78.8	6.93	1535234400	33.93	134.5
321	kareli	100	IN	97	72.65	15.03	1535238494	22.93	79.06
322	road town	40	VG	69	84.92	11.41	1535238000	18.42	-64.62
323	salalah	90	OM	100	73.4	5.82	1535237400	17.01	54.1
324	agadir	0	MA	83	69.8	4.7	1535236200	30.42	-9.58
325	shimoda	0	JP	91	81.29	10.67	1535238495	34.7	138.93
326	beloha	0	MG	87	59.78	5.19	1535238367	-25.17	45.06
327	boquira	8	BR	43	74.81	9.78	1535238495	-12.82	-42.73
328	camacha	40	PT	77	71.6	9.17	1535236200	33.08	-16.33
329	natal	40	BR	69	78.8	17.22	1535234400	-5.81	-35.21
330	garowe	56	SO	44	83.0	19.28	1535238496	8.41	48.48
331	gravelbourg	8	CA	33	69.5	4.41	1535238496	49.88	-106.56
332	belmonte	0	PT	66	58.88	3.74	1535238497	40.36	-7.35
333	jataizinho	0	BR	45	64.4	6.93	1535234400	-23.26	-50.98
334	yenagoa	92	NG	93	72.56	4.41	1535238468	4.92	6.26
335	la plaine	0	FR	76	60.8	1.61	1535236200	45.17	5.76
336	saint-francois	90	FR	93	48.2	1.12	1535236200	46.42	3.91
337	amapa	90	HN	88	73.4	13.87	1535238000	15.09	-87.97
338	hirara	40	JP	88	80.6	12.75	1535234400	24.8	125.28
339	sitka	36	US	40	93.62	15.48	1535238461	37.17	-99.65
340	carroll	40	AU	76	53.6	4.7	1535236200	-30.99	150.44
341	vryburg	0	ZA	45	46.1	4.18	1535238499	-26.96	24.73
342	teya	75	MX	74	82.4	17.22	1535234340	21.05	-89.07
343	yeppoon	40	AU	73	69.8	3.36	1535236200	-23.13	150.74
344	alta floresta	0	BR	45	83.09	3.96	1535238305	-9.87	-56.08
345	san felipe	0	CL	79	59.0	11.41	1535238000	-32.75	-70.73
346	hopelchen	20	MX	55	89.6	2.17	1535233320	19.77	-89.85
347	zhigansk	0	RU	69	54.02	3.06	1535238501	66.77	123.37
348	pangnirtung	32	CA	96	40.25	6.2	1535238501	66.15	-65.72
349	pevek	36	RU	100	37.46	10.45	1535238501	69.7	170.27
350	mount gambier	92	AU	95	49.88	3.62	1535238345	-37.83	140.78
351	ayagoz	0	KZ	73	44.12	1.95	1535238502	47.96	80.43
352	tongliao	0	CN	96	65.81	4.97	1535238502	43.61	122.27
353	iqaluit	75	CA	81	44.6	2.95	1535234400	63.75	-68.52
354	ballina	92	IE	85	51.95	10.11	1535238502	54.11	-9.15
355	mandalgovi	0	MN	95	49.79	12.24	1535238503	45.76	106.27
356	forssa	0	FI	100	48.2	3.96	1535237400	60.82	23.63
357	coquimbo	0	CL	76	53.6	8.05	1535238000	-29.95	-71.34
358	isangel	20	VU	100	73.19	16.6	1535238308	-19.55	169.27
359	hambantota	68	LK	99	79.94	17.05	1535238464	6.12	81.12
360	sidhi	100	IN	99	73.37	6.98	1535238504	24.41	81.88
361	cabedelo	75	BR	83	75.2	10.29	1535234400	-6.97	-34.84
362	beringovskiy	92	RU	100	49.52	9.66	1535238504	63.05	179.32
363	san cristobal	40	EC	36	64.4	11.41	1535234400	-0.39	-78.55
364	egvekinot	92	RU	100	39.89	3.06	1535238352	66.32	-179.17
365	batagay-alyta	0	RU	80	45.2	3.74	1535238373	67.8	130.41
366	harer	0	US	23	73.82	9.78	1535238505	42.19	-111.17
367	tessalit	48	ML	45	85.16	10.56	1535238505	20.2	1.01
368	humaita	0	AR	37	60.8	4.7	1535238000	-24.93	-65.37
369	chumikan	0	RU	81	64.37	2.17	1535238506	54.72	135.31
370	richards bay	0	ZA	67	68.15	9.1	1535238506	-28.77	32.06
371	adolfo lopez mateos	20	MX	39	95.33	3.96	1535238506	26.8	-109.39
372	takoradi	92	GH	95	75.44	7.76	1535238362	4.89	-1.75
373	benghazi	40	LY	83	78.8	5.82	1535236200	32.12	20.07
374	renfrew	76	GB	87	53.6	3.36	1535237400	55.88	-4.39
375	shahr-e babak	0	IR	25	67.43	10.67	1535238507	30.12	55.12
376	coahuayana	56	MX	76	75.62	2.62	1535238507	18.62	-100.35
377	broken hill	0	AU	58	55.82	5.97	1535238507	-31.97	141.45
378	punta alta	0	AR	35	57.2	9.17	1535234400	-27.46	-55.82
379	sompeta	92	IN	93	73.91	10.11	1535238508	18.93	84.6
380	roald	92	NO	87	48.2	4.7	1535235600	62.58	6.12
381	yarada	92	IN	100	80.66	21.52	1535238508	17.65	83.27
382	ode	92	NG	98	70.85	4.07	1535238509	7.79	5.71
383	padang	68	ID	100	79.22	4.63	1535238327	-0.92	100.36
384	merrill	1	US	3	80.06	11.41	1535237580	42.03	-121.6
385	saulkrasti	88	LV	100	53.6	2.24	1535237400	57.26	24.42
386	sao paulo de olivenca	24	BR	83	80.12	1.95	1535238510	-3.38	-68.87
387	aklavik	75	CA	76	59.0	8.05	1535234400	68.22	-135.01
388	neryungri	12	RU	81	65.45	5.41	1535238510	56.66	124.71
389	moussoro	32	TD	88	74.9	6.08	1535238510	13.64	16.49
390	aktau	0	KZ	44	59.0	6.71	1535236200	43.65	51.16
391	kyaukse	75	MM	94	78.8	11.41	1535236200	21.6	96.13
392	wewak	76	PG	100	77.78	1.16	1535238511	-3.55	143.63
393	port keats	0	AU	47	74.9	6.98	1535238511	-14.25	129.55
394	porbandar	92	IN	94	78.32	18.84	1535238484	21.64	69.61
395	sherbakul	32	RU	91	50.42	5.75	1535238511	54.63	72.39
396	ouallam	80	NE	84	76.07	11.12	1535238512	14.32	2.08
397	bubaque	20	GW	88	80.6	3.36	1535234400	11.28	-15.83
398	tuburan	90	PH	83	80.6	6.93	1535234400	10.73	123.82
399	puerto leguizamo	20	CO	93	75.53	1.95	1535238504	-0.19	-74.78
400	umm kaddadah	24	SD	83	73.1	6.76	1535238513	13.6	26.69
401	acapulco	40	MX	70	87.8	8.05	1535233320	16.86	-99.88
402	kutum	32	SD	88	65.27	3.62	1535238513	14.2	24.66
403	molchanovo	0	RU	88	55.37	10.45	1535238513	57.58	83.76
404	hobyo	8	SO	88	73.28	19.51	1535238374	5.35	48.53
405	vestmannaeyjar	12	IS	100	46.46	6.2	1535238221	63.44	-20.27
406	chenzhou	92	CN	100	70.58	4.97	1535238514	25.81	113.03
407	atbasar	76	KZ	95	46.55	6.98	1535238514	51.81	68.36
408	vao	92	EE	96	57.08	2.62	1535238514	59.1	26.19
409	kivertsi	12	UA	94	63.2	6.2	1535238514	50.83	25.46
410	dreux	36	FR	71	55.4	2.24	1535236200	48.74	1.37
411	lagos	40	NG	94	77.0	2.24	1535234400	6.46	3.39
412	trairi	8	BR	99	79.76	19.73	1535238410	-3.28	-39.27
413	buribay	0	RU	93	50.78	8.55	1535238515	51.96	58.16
414	faanui	36	PF	100	77.51	6.53	1535238068	-16.48	-151.75
415	vung tau	75	VN	94	80.6	10.29	1535236200	10.35	107.08
416	dunedin	0	NZ	73	53.93	2.95	1535238290	-45.87	170.5
417	morehead	75	US	66	78.08	4.7	1535233980	38.18	-83.43
418	mayo	75	CA	81	53.6	2.24	1535236620	63.59	-135.9
419	crossville	1	US	68	82.4	6.93	1535237700	35.95	-85.03
420	nishihara	40	JP	83	84.2	4.7	1535236200	35.74	139.53
421	thunder bay	75	CA	77	69.8	8.05	1535234400	48.41	-89.26
422	pimentel	0	BR	81	78.32	4.63	1535238517	-3.7	-45.5
423	lufkin	1	US	44	93.02	9.17	1535237580	31.34	-94.73
424	yuci	0	CN	82	68.0	2.24	1535238000	37.68	112.73
425	talnakh	56	RU	91	51.5	3.4	1535238338	69.49	88.39
426	linxia	68	CN	97	53.75	2.06	1535238518	35.6	103.21
427	khor	92	RU	83	61.22	3.96	1535238518	47.88	134.96
428	pacifica	1	US	44	84.02	6.93	1535236500	37.61	-122.49
429	torbay	90	CA	68	69.8	16.11	1535234400	47.66	-52.73
430	isoka	0	ZM	72	54.92	6.08	1535238519	-10.15	32.64
431	srednekolymsk	92	RU	77	40.25	5.97	1535238519	67.46	153.71
432	barabai	36	ID	93	76.7	2.62	1535238519	-2.59	115.38
433	mackay	90	CA	59	60.8	6.93	1535236140	53.65	-115.58
434	presidente venceslau	0	BR	42	66.2	6.93	1535234400	-21.88	-51.85
435	la palma	0	CO	81	70.85	1.05	1535238521	5.36	-74.39
436	lavrentiya	76	RU	93	46.46	11.68	1535238521	65.58	-170.99
437	yerofey pavlovich	36	RU	79	66.26	3.4	1535238521	53.97	121.97
438	airai	0	TL	74	72.38	1.5	1535238342	-8.93	125.41
439	gannan	44	CN	99	68.15	6.2	1535238522	47.92	123.49
440	rio grande	0	BR	57	51.8	11.41	1535233500	-32.03	-52.1
441	grindavik	0	IS	75	48.2	6.93	1535234400	63.84	-22.43
442	tecoanapa	40	MX	70	87.8	8.05	1535233320	16.99	-99.26
443	norden	88	DE	100	51.8	8.05	1535237700	53.59	7.21
444	nome	1	US	45	95.54	10.29	1535235300	30.04	-94.42
445	candelaria	40	CO	48	86.0	13.87	1535234400	3.41	-76.35
446	buin	0	CL	83	66.2	11.41	1535238000	-33.73	-70.74
447	ponta delgada	40	PT	78	71.6	10.29	1535236200	37.73	-25.67
448	san policarpo	76	PH	99	81.56	3.4	1535238300	12.18	125.51
449	ahuimanu	90	US	84	82.94	11.41	1535235600	21.44	-157.84
450	inta	0	RU	86	39.89	3.51	1535238524	66.04	60.13
451	kerema	64	PG	99	74.27	2.39	1535238524	-7.96	145.78
452	los llanos de aridane	48	ES	88	73.4	11.41	1535236200	28.66	-17.92
453	sembabule	36	UG	97	61.22	3.74	1535238524	-0.08	31.46
454	winnemucca	1	US	3	89.06	12.75	1535237760	40.97	-117.74
455	westport	92	IE	92	52.4	9.44	1535238525	53.8	-9.52
456	suntar	92	RU	94	56.63	4.18	1535238525	62.16	117.65
457	adrar	0	DZ	17	91.4	13.87	1535234400	27.87	-0.29
458	caribou	1	US	56	80.06	5.82	1535234160	46.86	-68.01
459	paamiut	56	GL	92	43.85	19.84	1535238408	61.99	-49.67
460	chernyshevskiy	76	RU	88	52.85	3.06	1535238526	63.01	112.47
461	camalu	36	MX	55	77.87	7.65	1535238268	30.85	-116.07
462	winslow	48	GB	81	53.6	3.36	1535237760	51.94	-0.88
463	grand gaube	75	MU	69	73.4	14.99	1535234400	-20.01	57.66
464	criciuma	0	BR	98	53.75	15.82	1535238527	-28.68	-49.37
465	santa cruz	1	US	53	82.4	16.11	1535236500	36.97	-122.03
466	oistins	20	BB	69	82.4	18.34	1535234400	13.07	-59.53
467	pontianak	40	ID	94	77.0	4.18	1535236200	-0.02	109.34
468	aykhal	12	RU	83	48.71	3.96	1535238528	65.95	111.51
469	estelle	20	US	38	96.98	14.99	1535237700	32.87	-97.01
470	dutse	24	NG	92	71.3	6.42	1535238528	11.76	9.34
471	shunyi	0	CN	83	75.2	2.24	1535238000	40.13	116.65
472	eureka	1	US	68	64.4	13.87	1535236500	40.8	-124.16
473	elat	56	CM	98	67.34	2.06	1535238356	2.91	11.16
474	iranshahr	0	IR	19	65.27	6.76	1535238529	27.21	60.69
475	bhan	0	PK	76	78.5	3.06	1535238529	26.56	67.72
476	urusha	32	RU	81	68.87	3.4	1535238530	54.05	122.9
477	brae	92	GB	81	51.8	12.75	1535237400	60.4	-1.35
478	viedma	0	AR	38	49.43	11.01	1535238512	-40.81	-62.99
479	puerto carreno	40	CO	78	80.6	6.93	1535234400	6.19	-67.49
480	gambela	12	ET	90	57.8	2.62	1535238531	8.25	34.59
481	maldonado	75	UY	66	48.2	14.99	1535234400	-34.91	-54.96
482	sivas	0	TR	25	62.6	8.05	1535233800	39.75	37.01
483	chapleau	90	CA	93	64.4	3.36	1535236620	47.85	-83.4
484	dabat	88	ET	99	56.63	1.72	1535238532	12.98	37.77
485	yarmouth	0	GB	87	53.6	1.12	1535237400	50.71	-1.5
486	alugan	76	PH	99	81.56	3.4	1535238532	12.22	125.48
487	peremyshlyany	90	UA	93	64.4	4.47	1535238000	49.67	24.56
488	deniliquin	0	AU	96	53.57	5.19	1535238533	-35.53	144.96
489	bobon	36	PH	100	82.1	6.08	1535238533	12.53	124.56
490	makushino	48	RU	88	57.26	20.29	1535238533	55.21	67.25
491	muros	20	ES	93	57.2	5.82	1535236200	42.77	-9.06
492	presidencia roque saenz pena	0	AR	48	48.53	5.97	1535238394	-26.79	-60.44
493	luangwa	56	MZ	67	70.67	8.99	1535238534	-15.62	30.4
494	kahului	75	US	71	84.02	20.8	1535234160	20.89	-156.47
495	fort stewart	1	US	66	84.56	4.74	1535236680	31.87	-81.61
496	meinerzhagen	20	DE	93	50.0	3.36	1535237400	51.11	7.64
497	abu kamal	0	SY	27	81.11	9.66	1535238535	34.45	40.92
498	dovers	0	VC	96	83.09	17.27	1535238535	12.88	-61.18
499	lakes entrance	0	AU	85	53.39	4.18	1535238439	-37.88	147.99
500	zarubino	12	RU	94	71.3	6.42	1535238536	42.65	131.06
501	phek	36	IN	94	69.59	1.72	1535238536	25.7	94.46
502	tulun	0	RU	80	58.25	5.64	1535238536	54.56	100.58
503	valparaiso	75	US	74	87.08	5.82	1535237100	41.47	-87.06
504	jalu	0	LY	41	83.54	10.11	1535238537	29.03	21.55
505	asyut	0	EG	51	82.4	13.87	1535234400	27.18	31.19
506	fereydun kenar	0	IR	94	68.69	3.06	1535238537	36.69	52.52
507	san patricio	0	PY	69	47.09	3.18	1535238538	-26.98	-56.83
508	hondo	40	US	26	100.04	8.05	1535235300	29.35	-99.14
509	goderich	92	CA	96	68.42	15.82	1535238538	43.74	-81.71
510	nandigama	64	IN	79	78.32	9.78	1535238538	16.78	80.29
511	college	90	US	82	59.0	5.82	1535235420	64.86	-147.8
512	muroto	40	JP	88	80.6	4.7	1535238000	33.37	134.14
513	agadez	0	NE	90	75.08	7.2	1535238539	16.97	7.99
514	alofi	76	NU	94	73.4	9.17	1535234400	-19.06	-169.92
515	saint anthony	1	US	3	80.96	12.75	1535234160	43.97	-111.68
516	beyneu	0	KZ	65	55.19	4.63	1535238540	45.32	55.19
517	sangar	68	RU	67	55.46	3.06	1535238540	63.92	127.47
518	cabuyaro	68	CO	58	83.63	4.97	1535238540	4.29	-72.79
519	abu samrah	0	SY	89	67.61	10.45	1535238510	35.3	37.18
520	zhezkazgan	0	KZ	92	47.99	5.41	1535238541	47.8	67.71
521	mitsamiouli	0	KM	100	73.82	7.09	1535238541	-11.38	43.28
522	poum	44	MK	92	57.98	2.06	1535238435	41.28	20.71
523	narsaq	75	GL	81	44.6	4.7	1535237400	60.91	-46.05
524	fort nelson	75	CA	87	57.2	4.7	1535236440	58.81	-122.69
525	sibolga	32	ID	100	66.62	1.05	1535238371	1.74	98.78
526	plymouth	0	GB	55	60.8	6.93	1535233800	50.37	-4.14
527	fukue	20	JP	74	84.2	8.05	1535238000	35.03	136.69
528	bahia blanca	0	AR	58	49.16	9.44	1535238542	-38.72	-62.27
529	acolla	0	PE	96	33.77	3.96	1535238543	-11.73	-75.55
530	merauke	64	ID	84	80.03	10.56	1535238339	-8.49	140.4
531	okhotsk	80	RU	100	60.23	3.74	1535238383	59.36	143.24
532	turbat	0	PK	95	68.69	3.4	1535238388	26.0	63.05
533	paonta sahib	92	IN	100	69.5	2.06	1535238544	30.44	77.62
534	taoudenni	0	ML	19	87.5	9.78	1535238544	22.68	-3.98
535	pailon	75	BO	29	66.2	11.41	1535234400	-17.66	-62.72
536	quatre cocos	75	MU	69	73.4	14.99	1535234400	-20.21	57.76
537	haimen	92	CN	92	82.1	15.59	1535238544	31.87	121.18
538	bay-khaak	64	RU	82	48.89	2.39	1535238545	51.16	94.47
539	la peca	8	PE	79	68.78	1.95	1535238545	-5.61	-78.44
540	guanica	75	PR	78	80.6	14.99	1535237400	17.97	-66.91
